,Datum,Stadt,Umsatz
0,1/1/2025,Seoul,5534.55
1,1/2/2025,Seoul,6284.7
2,1/3/2025,London,5437.65
3,1/4/2025,Peking,8587.2
4,1/5/2025,Los Angeles,9439.05
5,1/6/2025,Los Angeles,5506.35
6,1/7/2025,Seoul,6589.8
7,1/8/2025,Los Angeles,6166.05
8,1/9/2025,Seoul,10650.6
9,1/10/2025,Los Angeles,8602.05
10,1/11/2025,Los Angeles,5246.4
11,1/12/2025,Peking,6857.4
12,1/13/2025,Berlin,7771.5
13,1/14/2025,Seoul,6337.65
14,1/15/2025,Berlin,8289.75
15,1/16/2025,Seoul,10390.5
16,1/17/2025,Seoul,7198.2
17,1/18/2025,Seoul,7931.7
18,1/19/2025,Peking,3970.95
19,1/20/2025,Los Angeles,9539.1
20,1/21/2025,Seoul,6535.2
21,1/22/2025,Berlin,4127.1
22,1/23/2025,Berlin,9112.95
23,1/24/2025,Seoul,5137.65
24,1/25/2025,Seoul,6381.75
25,1/26/2025,Berlin,7612.05
26,1/27/2025,Los Angeles,7007.85
27,1/28/2025,Oaxaca,7071.6
28,1/29/2025,Berlin,7543.65
29,1/30/2025,Seoul,5849.7
30,1/31/2025,Peking,4834.8
31,2/1/2025,Berlin,6253.65
32,2/2/2025,Los Angeles,5889.6
33,2/3/2025,Seoul,4778.1
34,2/4/2025,Peking,7172.7
35,2/5/2025,Seoul,5153.4
36,2/6/2025,Oaxaca,4595.25
37,2/7/2025,Peking,6168.9
38,2/8/2025,Oaxaca,4276.35
39,2/9/2025,Seoul,4943.55
40,2/10/2025,Busan,5840.25
41,2/11/2025,Berlin,9094.05
42,2/12/2025,Las Vegas,8994.3
43,2/13/2025,Las Vegas,6670.35
44,2/14/2025,London,8422.65
45,2/15/2025,Oaxaca,6861.6
46,2/16/2025,Busan,8130.0
47,2/17/2025,Shanghai,5532.3
48,2/18/2025,Berlin,6716.55
49,2/19/2025,Las Vegas,9042.3
50,2/20/2025,London,8451.6
51,2/21/2025,Shanghai,6597.15
52,2/22/2025,London,11326.5
53,2/23/2025,Oaxaca,4633.35
54,2/24/2025,Las Vegas,5905.35
55,2/25/2025,Berlin,7496.55
56,2/26/2025,London,4964.25
57,2/27/2025,Berlin,7787.25
58,2/28/2025,Las Vegas,8631.45
59,3/1/2025,London,4506.0
60,3/2/2025,Busan,5845.35
61,3/3/2025,Busan,12189.45
62,3/4/2025,Busan,7023.45
63,3/5/2025,Las Vegas,7672.8
64,3/6/2025,London,8471.7
65,3/7/2025,Shanghai,4508.25
66,3/8/2025,Berlin,4499.55
67,3/9/2025,Las Vegas,5460.6
68,3/10/2025,Busan,6576.15
69,3/11/2025,Las Vegas,5937.75
70,3/12/2025,Berlin,5302.35
71,3/13/2025,Oaxaca,9707.55
72,3/14/2025,Berlin,11228.1
73,3/15/2025,Las Vegas,9145.65
74,3/16/2025,Busan,6529.65
75,3/17/2025,Berlin,8846.25
76,3/18/2025,Seattle,9833.7
77,3/19/2025,Shanghai,7121.85
78,3/20/2025,Busan,6400.95
79,3/21/2025,Berlin,8325.0
80,3/22/2025,Busan,4784.55
81,3/23/2025,Seattle,4319.7
82,3/24/2025,Seattle,5961.0
83,3/25/2025,Seattle,7283.85
84,3/26/2025,Seattle,4405.05
85,3/27/2025,Oaxaca,7329.9
86,3/28/2025,Berlin,5429.85
87,3/29/2025,Busan,10140.3
88,3/30/2025,Seattle,6071.7
89,3/31/2025,London,7130.25
90,4/1/2025,Seattle,6353.85
91,4/2/2025,München,9379.8
92,4/3/2025,Busan,9439.65
93,4/4/2025,Shanghai,5171.55
94,4/5/2025,München,9021.3
95,4/6/2025,Busan,5113.8
96,4/7/2025,Seattle,7737.15
97,4/8/2025,Shanghai,6868.8
98,4/9/2025,Shanghai,5157.3
99,4/10/2025,Busan,10564.05
100,4/11/2025,Busan,5310.45
101,4/12/2025,Incheon,4947.75
102,4/13/2025,Shanghai,4057.2
103,4/14/2025,Seattle,6479.4
104,4/15/2025,Incheon,8243.85
105,4/16/2025,Chongqing,5644.65
106,4/17/2025,Incheon,6676.65
107,4/18/2025,Incheon,4021.8
108,4/19/2025,Seattle,8594.4
109,4/20/2025,London,4926.75
110,4/21/2025,München,8622.15
111,4/22/2025,Oaxaca,6930.9
112,4/23/2025,Miami,5569.95
113,4/24/2025,Chongqing,5395.35
114,4/25/2025,München,7019.55
115,4/26/2025,Oaxaca,3688.65
116,4/27/2025,Incheon,5586.3
117,4/28/2025,Miami,5505.0
118,4/29/2025,Incheon,6023.1
119,4/30/2025,Oaxaca,2193.6
120,5/1/2025,Chongqing,4431.75
121,5/2/2025,Incheon,4134.75
122,5/3/2025,Incheon,4602.3
123,5/4/2025,London,8779.2
124,5/5/2025,Oaxaca,6492.3
125,5/6/2025,Chongqing,5561.25
126,5/7/2025,Incheon,3491.25
127,5/8/2025,Incheon,4682.85
128,5/9/2025,Incheon,9327.0
129,5/10/2025,Incheon,4667.7
130,5/11/2025,Miami,7501.05
131,5/12/2025,Miami,9297.75
132,5/13/2025,München,8548.95
133,5/14/2025,Miami,5713.65
134,5/15/2025,Chongqing,4125.75
135,5/16/2025,Incheon,6262.65
136,5/17/2025,Chongqing,5613.0
137,5/18/2025,Chongqing,5003.7
138,5/19/2025,Shenzhen,4386.45
139,5/20/2025,München,7527.15
140,5/21/2025,Shenzhen,5089.05
141,5/22/2025,Oaxaca,5820.15
142,5/23/2025,Incheon,8481.75
143,5/24/2025,Miami,6945.45
144,5/25/2025,Shenzhen,5942.7
145,5/26/2025,Daegu,7858.2
146,5/27/2025,Shenzhen,5490.3
147,5/28/2025,München,8147.1
148,5/29/2025,Shenzhen,3692.25
149,5/30/2025,München,5899.8
150,5/31/2025,Miami,5144.55
151,6/1/2025,Daegu,6907.2
152,6/2/2025,London,4138.95
153,6/3/2025,Daegu,4523.4
154,6/4/2025,Houston,7556.85
155,6/5/2025,Daegu,7718.1
156,6/6/2025,Puebla,8208.45
157,6/7/2025,Daegu,3796.05
158,6/8/2025,München,8824.2
159,6/9/2025,Houston,6566.85
160,6/10/2025,Shenzhen,6194.85
161,6/11/2025,Houston,7449.3
162,6/12/2025,Puebla,5549.4
163,6/13/2025,Shenzhen,6672.6
164,6/14/2025,München,5804.85
165,6/15/2025,Daegu,9264.75
166,6/16/2025,München,9183.0
167,6/17/2025,Daegu,4847.7
168,6/18/2025,München,5431.35
169,6/19/2025,London,3208.5
170,6/20/2025,Guangzhou,6310.95
171,6/21/2025,London,4195.05
172,6/22/2025,München,5496.45
173,6/23/2025,Daegu,6198.15
174,6/24/2025,Daegu,7370.85
175,6/25/2025,London,6883.5
176,6/26/2025,Houston,5096.4
177,6/27/2025,Houston,9855.15
178,6/28/2025,Daegu,4320.45
179,6/29/2025,Daegu,5602.05
180,6/30/2025,Puebla,4528.8
181,7/1/2025,München,8519.85
182,7/2/2025,Daegu,5446.35
183,7/3/2025,Puebla,6615.75
184,7/4/2025,Daegu,4798.95
185,7/5/2025,Hannover,7529.85
186,7/6/2025,Daegu,3970.65
187,7/7/2025,Puebla,5171.7
188,7/8/2025,Puebla,7775.4
189,7/9/2025,Houston,8656.95
190,7/10/2025,Houston,6334.5
191,7/11/2025,Houston,9067.35
192,7/12/2025,Puebla,5080.8
193,7/13/2025,Daejeon,2823.45
194,7/14/2025,Houston,6114.3
195,7/15/2025,Guangzhou,4776.45
196,7/16/2025,Houston,8737.5
197,7/17/2025,Daejeon,8157.0
198,7/18/2025,Houston,8983.95
199,7/19/2025,Houston,7414.8
200,7/20/2025,Puebla,5680.2
201,7/21/2025,London,4713.0
202,7/22/2025,Guangzhou,5687.1
203,7/23/2025,London,8206.8
204,7/24/2025,Houston,7061.4
205,7/25/2025,Portland,6714.9
206,7/26/2025,Portland,8833.8
207,7/27/2025,Portland,7419.45
208,7/28/2025,Manchester,7929.15
209,7/29/2025,Guangzhou,2608.2
210,7/30/2025,Portland,7240.35
211,7/31/2025,Manchester,4402.35
212,8/1/2025,Daejeon,5625.0
213,8/2/2025,Hannover,9233.4
214,8/3/2025,Daejeon,6363.3
215,8/4/2025,Portland,5629.2
216,8/5/2025,Guangzhou,6674.4
217,8/6/2025,Hannover,7829.55
218,8/7/2025,Guangzhou,3237.75
219,8/8/2025,Puebla,8255.4
220,8/9/2025,Portland,7669.05
221,8/10/2025,Hannover,6746.7
222,8/11/2025,Hannover,11168.25
223,8/12/2025,Manchester,6284.1
224,8/13/2025,Manchester,5839.95
225,8/14/2025,Portland,6838.5
226,8/15/2025,Guangzhou,3992.4
227,8/16/2025,Hannover,6277.2
228,8/17/2025,Portland,4792.2
229,8/18/2025,Daejeon,2122.2
230,8/19/2025,Wuhan,5023.35
231,8/20/2025,Portland,3949.8
232,8/21/2025,Daejeon,6627.6
233,8/22/2025,Daejeon,4209.15
234,8/23/2025,Puebla,4766.1
235,8/24/2025,Puebla,7729.2
236,8/25/2025,Portland,10502.1
237,8/26/2025,Detroit,7094.4
238,8/27/2025,Manchester,7451.7
239,8/28/2025,Wuhan,5460.75
240,8/29/2025,Daejeon,6454.5
241,8/30/2025,Detroit,7398.75
242,8/31/2025,Hannover,8863.35
243,9/1/2025,Daejeon,4982.1
244,9/2/2025,Detroit,7623.6
245,9/3/2025,Daejeon,6353.1
246,9/4/2025,Detroit,4927.95
247,9/5/2025,Detroit,5653.35
248,9/6/2025,Puebla,7067.7
249,9/7/2025,Detroit,8110.5
250,9/8/2025,Detroit,4433.7
251,9/9/2025,Detroit,4954.2
252,9/10/2025,Veracruz,6609.9
253,9/11/2025,Daejeon,4082.1
254,9/12/2025,Detroit,8219.25
255,9/13/2025,Detroit,6629.7
256,9/14/2025,Daejeon,5734.35
257,9/15/2025,Detroit,5287.05
258,9/16/2025,Detroit,6337.35
259,9/17/2025,Detroit,6812.55
260,9/18/2025,Portland,4273.8
261,9/19/2025,Wuhan,5420.1
262,9/20/2025,Hannover,7609.35
263,9/21/2025,Portland,6046.95
264,9/22/2025,Hannover,6892.95
265,9/23/2025,Manchester,6472.8
266,9/24/2025,Daejeon,9752.1
267,9/25/2025,Hannover,8967.0
268,9/26/2025,Veracruz,4487.85
269,9/27/2025,Portland,7951.5
270,9/28/2025,Portland,4648.8
271,9/29/2025,Wuhan,4858.35
272,9/30/2025,Wuhan,5170.05
273,10/1/2025,Portland,8608.35
274,10/2/2025,Wuhan,6747.15
275,10/3/2025,Wuhan,4182.0
276,10/4/2025,Manchester,6430.5
277,10/5/2025,Portland,8220.15
278,10/6/2025,Gwangju,6187.8
279,10/7/2025,Gwangju,8526.75
280,10/8/2025,Gwangju,6481.8
281,10/9/2025,Portland,8104.05
282,10/10/2025,Portland,7971.75
283,10/11/2025,Veracruz,5402.7
284,10/12/2025,Portland,7450.35
285,10/13/2025,Gwangju,5780.4
286,10/14/2025,Hannover,8439.75
287,10/15/2025,Hannover,9133.8
288,10/16/2025,Gwangju,5716.05
289,10/17/2025,Veracruz,4090.2
290,10/18/2025,Gwangju,7597.8
291,10/19/2025,Manchester,6995.4
292,10/20/2025,Gwangju,4672.5
293,10/21/2025,Gwangju,2756.7
294,10/22/2025,Portland,4091.1
295,10/23/2025,Hannover,8039.85
296,10/24/2025,Portland,5920.5
297,10/25/2025,Gwangju,4330.65
298,10/26/2025,Gwangju,6565.2
299,10/27/2025,Hannover,7238.25
300,10/28/2025,Veracruz,4089.75
301,10/29/2025,Gwangju,6386.7
302,10/30/2025,Wuhan,4296.75
303,10/31/2025,Ulsan,5283.0
304,11/1/2025,Hannover,6944.7
305,11/2/2025,Hannover,6096.15
306,11/3/2025,Dongguan,6448.65
307,11/4/2025,Manchester,9498.75
308,11/5/2025,Hannover,11552.7
309,11/6/2025,Hannover,4195.35
310,11/7/2025,Ulsan,5197.5
311,11/8/2025,Manchester,5408.7
312,11/9/2025,Hannover,5086.5
313,11/10/2025,Dongguan,5936.25
314,11/11/2025,Ulsan,4559.85
315,11/12/2025,Ulsan,4480.65
316,11/13/2025,Veracruz,4515.3
317,11/14/2025,Denver,9140.25
318,11/15/2025,Ulsan,5289.45
319,11/16/2025,Veracruz,6936.6
320,11/17/2025,Ulsan,7634.85
321,11/18/2025,Hannover,7638.0
322,11/19/2025,Hannover,5907.75
323,11/20/2025,Ulsan,12093.3
324,11/21/2025,Manchester,5640.9
325,11/22/2025,Denver,7719.6
326,11/23/2025,Ulsan,6643.2
327,11/24/2025,Dongguan,5241.3
328,11/25/2025,Hannover,5156.55
329,11/26/2025,Denver,4236.75
330,11/27/2025,Dongguan,6972.6
331,11/28/2025,Denver,8302.95
332,11/29/2025,Dongguan,5892.0
333,11/30/2025,Ulsan,8496.9
334,12/1/2025,Veracruz,5104.95
335,12/2/2025,Ulsan,6159.3
336,12/3/2025,Denver,4681.2
337,12/4/2025,Ulsan,5891.25
338,12/5/2025,Ulsan,3859.8
339,12/6/2025,Denver,6860.85
340,12/7/2025,Denver,5734.95
341,12/8/2025,Manchester,4671.75
342,12/9/2025,Denver,9565.5
343,12/10/2025,Denver,7279.2
344,12/11/2025,Hannover,9294.3
345,12/12/2025,Hannover,9065.25
346,12/13/2025,Veracruz,4472.1
347,12/14/2025,Manchester,8533.05
348,12/15/2025,Denver,5570.85
349,12/16/2025,Ulsan,6458.85
350,12/17/2025,Ulsan,5418.0
351,12/18/2025,Ulsan,5707.35
352,12/19/2025,Manchester,7622.4
353,12/20/2025,Gangneung,3759.9
354,12/21/2025,Gangneung,7080.15
355,12/22/2025,Veracruz,6050.55
356,12/23/2025,Dongguan,5502.75
357,12/24/2025,Hannover,8143.5
358,12/25/2025,Denver,7712.25
359,12/26/2025,Dongguan,5776.65
360,12/27/2025,Tianjin,4873.35
361,12/28/2025,Gangneung,3825.6
362,12/29/2025,Denver,5938.8
363,12/30/2025,Denver,4419.0
364,12/31/2025,Gangneung,3884.55
365,1/1/2026,Hannover,7270.65
366,1/2/2026,Gangneung,5283.75
367,1/3/2026,Tianjin,4496.25
368,1/4/2026,Denver,7795.05
369,1/5/2026,Gangneung,6586.05
370,1/6/2026,Manchester,7890.45
371,1/7/2026,Gangneung,8762.4
372,1/8/2026,Gangneung,8589.9
373,1/9/2026,Denver,7632.9
374,1/10/2026,Denver,8977.35
375,1/11/2026,Gangneung,6019.05
376,1/12/2026,Gangneung,6482.4
377,1/13/2026,Hannover,9192.15
378,1/14/2026,Veracruz,9808.95
379,1/15/2026,Denver,8303.55
380,1/16/2026,Gangneung,5722.05
381,1/17/2026,Veracruz,6718.95
382,1/18/2026,Veracruz,5386.5
383,1/19/2026,Gangneung,3395.4
384,1/20/2026,Gangneung,9809.7
385,1/21/2026,Veracruz,8519.25
386,1/22/2026,Veracruz,5667.6
387,1/23/2026,Denver,7104.0
388,1/24/2026,Tianjin,4211.4
389,1/25/2026,Gangneung,2257.5
390,1/26/2026,Hannover,7978.8
391,1/27/2026,Seogwipo,4895.7
392,1/28/2026,Denver,5701.35
393,1/29/2026,Hannover,8845.65
394,1/30/2026,Seogwipo,5347.2
395,1/31/2026,Tianjin,5110.5
396,2/1/2026,Denver,5273.4
397,2/2/2026,Tianjin,5686.05
398,2/3/2026,Seogwipo,9272.85
399,2/4/2026,Seogwipo,7205.85
400,2/5/2026,Tianjin,7358.85
401,2/6/2026,Dortmund,7819.35
402,2/7/2026,Seogwipo,3327.9
403,2/8/2026,Denver,9264.75
404,2/9/2026,Tianjin,6338.55
405,2/10/2026,Veracruz,5502.0
406,2/11/2026,Veracruz,7771.95
407,2/12/2026,Dortmund,8085.15
408,2/13/2026,Seogwipo,6522.15
409,2/14/2026,Seogwipo,6418.5
410,2/15/2026,Seogwipo,5115.45
411,2/16/2026,Monterrey,6160.5
412,2/17/2026,Dortmund,8822.1
413,2/18/2026,Denver,9485.25
414,2/19/2026,Manchester,6599.4
415,2/20/2026,Seogwipo,5103.6
416,2/21/2026,Dortmund,8739.6
417,2/22/2026,Richmond,7533.75
418,2/23/2026,Seogwipo,3467.85
419,2/24/2026,Tianjin,4442.25
420,2/25/2026,Richmond,5276.55
421,2/26/2026,Monterrey,4909.65
422,2/27/2026,Seogwipo,6146.85
423,2/28/2026,Bristol,7983.45
424,3/1/2026,Bristol,8106.9
425,3/2/2026,Seogwipo,7834.35
426,3/3/2026,Dortmund,9307.2
427,3/4/2026,Tianjin,5389.35
428,3/5/2026,Tianjin,5770.35
429,3/6/2026,Bristol,7739.25
430,3/7/2026,Tianjin,4863.0
431,3/8/2026,Monterrey,5607.15
432,3/9/2026,Bristol,4835.55
433,3/10/2026,Seogwipo,5677.65
434,3/11/2026,Seogwipo,3852.9
435,3/12/2026,Gunpo,3671.25
436,3/13/2026,Bristol,4128.45
437,3/14/2026,Dortmund,7113.15
438,3/15/2026,Tianjin,6641.55
439,3/16/2026,Richmond,10099.2
440,3/17/2026,Monterrey,8399.7
441,3/18/2026,Gunpo,4251.3
442,3/19/2026,Bristol,6127.35
443,3/20/2026,Gunpo,6747.75
444,3/21/2026,Monterrey,5353.65
445,3/22/2026,Tianjin,6520.05
446,3/23/2026,Bristol,2207.25
447,3/24/2026,Bristol,3094.95
448,3/25/2026,Gunpo,4189.5
449,3/26/2026,Richmond,7267.8
450,3/27/2026,Monterrey,7630.65
451,3/28/2026,Gunpo,6406.35
452,3/29/2026,Richmond,6407.85
453,3/30/2026,Richmond,7437.3
454,3/31/2026,Monterrey,4717.2
455,4/1/2026,Dortmund,9259.05
456,4/2/2026,Gunpo,7523.7
457,4/3/2026,Gunpo,6467.1
458,4/4/2026,Tianjin,6151.8
459,4/5/2026,Richmond,6764.7
460,4/6/2026,Gunpo,3873.6
461,4/7/2026,Gunpo,5129.25
462,4/8/2026,Bristol,7516.35
463,4/9/2026,Gunpo,4486.8
464,4/10/2026,Gunpo,7093.95
465,4/11/2026,Gunpo,8840.25
466,4/12/2026,Monterrey,5496.6
467,4/13/2026,Monterrey,7809.9
468,4/14/2026,Gunpo,6353.1
469,4/15/2026,Dortmund,6310.65
470,4/16/2026,Dortmund,9228.6
471,4/17/2026,Bristol,7559.4
472,4/18/2026,Dortmund,7114.05
473,4/19/2026,Dortmund,6722.25
474,4/20/2026,Monterrey,7322.55
475,4/21/2026,Tianjin,5323.8
476,4/22/2026,Gunpo,6134.7
477,4/23/2026,Bristol,6278.55
478,4/24/2026,Tianjin,5535.3
479,4/25/2026,Richmond,5905.5
480,4/26/2026,Bristol,9309.6
481,4/27/2026,Gunpo,8270.85
482,4/28/2026,Chuncheon,4997.55
483,4/29/2026,Chuncheon,6277.5
484,4/30/2026,Tianjin,5570.4
485,5/1/2026,Monterrey,8264.85
486,5/2/2026,Bristol,6351.75
487,5/3/2026,Tianjin,6593.25
488,5/4/2026,Monterrey,6463.95
489,5/5/2026,Chuncheon,5778.9
490,5/6/2026,Dortmund,8227.5
491,5/7/2026,Dortmund,6290.4
492,5/8/2026,Dortmund,6385.5
493,5/9/2026,Dortmund,4963.35
494,5/10/2026,Ciudad Juárez,4197.0
495,5/11/2026,Chuncheon,3678.9
496,5/12/2026,Dortmund,7668.3
497,5/13/2026,Bristol,6665.1
498,5/14/2026,Nanjing,6330.45
499,5/15/2026,Nanjing,5305.95
500,5/16/2026,Ciudad Juárez,7043.7
501,5/17/2026,Chuncheon,6172.2
502,5/18/2026,Richmond,4717.5
503,5/19/2026,Bristol,6036.9
504,5/20/2026,Chuncheon,7680.6
505,5/21/2026,Chuncheon,6326.55
506,5/22/2026,Dortmund,11433.75
507,5/23/2026,Nanjing,6559.8
508,5/24/2026,Richmond,8307.3
509,5/25/2026,Chuncheon,6457.65
510,5/26/2026,Dortmund,9489.3
511,5/27/2026,Richmond,8340.6
512,5/28/2026,San José,2316.3
513,5/29/2026,Ciudad Juárez,5167.05
514,5/30/2026,San José,6530.25
515,5/31/2026,San José,7492.35
516,6/1/2026,Chuncheon,7749.6
517,6/2/2026,Chuncheon,5098.05
518,6/3/2026,Dortmund,7667.85
519,6/4/2026,San José,7628.1
520,6/5/2026,Chuncheon,5754.9
521,6/6/2026,Dortmund,7547.1
522,6/7/2026,Chuncheon,5291.7
523,6/8/2026,Dortmund,7423.05
524,6/9/2026,Ciudad Juárez,7056.15
525,6/10/2026,Nanjing,5587.05
526,6/11/2026,Chuncheon,5667.45
527,6/12/2026,Bristol,7847.1
528,6/13/2026,Chuncheon,4708.65
529,6/14/2026,Chuncheon,6365.1
530,6/15/2026,Nanjing,4999.65
531,6/16/2026,San José,6495.45
532,6/17/2026,Chuncheon,5085.3
533,6/18/2026,San José,5654.25
534,6/19/2026,San José,5631.75
535,6/20/2026,Ciudad Juárez,4020.45
536,6/21/2026,San José,5579.55
537,6/22/2026,Liverpool,8419.2
538,6/23/2026,Nanjing,6427.95
539,6/24/2026,Nanjing,3724.8
540,6/25/2026,Nanjing,6444.75
541,6/26/2026,Ciudad Juárez,8824.8
542,6/27/2026,Chuncheon,7498.35
543,6/28/2026,Nanjing,4710.75
544,6/29/2026,Dortmund,9877.8
545,6/30/2026,Chuncheon,6001.8
546,7/1/2026,Dortmund,4492.8
547,7/2/2026,Liverpool,8833.8
548,7/3/2026,Liverpool,6723.3
549,7/4/2026,Liverpool,7188.3
550,7/5/2026,Chuncheon,8482.95
551,7/6/2026,San José,7773.75
552,7/7/2026,Dortmund,6097.2
553,7/8/2026,Nanjing,4571.1
554,7/9/2026,Dortmund,8051.4
555,7/10/2026,Dortmund,8206.65
556,7/11/2026,Suncheon,5970.0
557,7/12/2026,Suncheon,4088.1
558,7/13/2026,Suncheon,7694.7
559,7/14/2026,Ciudad Juárez,4051.5
560,7/15/2026,Karlsruhe,5358.45
561,7/16/2026,Liverpool,7224.15
562,7/17/2026,Suncheon,8577.0
563,7/18/2026,Suncheon,3019.05
564,7/19/2026,San José,5249.25
565,7/20/2026,Liverpool,5056.65
566,7/21/2026,Liverpool,7565.55
567,7/22/2026,San José,7644.0
568,7/23/2026,Suncheon,6995.7
569,7/24/2026,Suncheon,6021.45
570,7/25/2026,San José,8281.95
571,7/26/2026,San José,5835.0
572,7/27/2026,Liverpool,3708.45
573,7/28/2026,Suncheon,5274.9
574,7/29/2026,Ciudad Juárez,9161.7
575,7/30/2026,Suncheon,9959.1
576,7/31/2026,Suncheon,5263.8
577,8/1/2026,Ciudad Juárez,6435.45
578,8/2/2026,Liverpool,6175.35
579,8/3/2026,Suncheon,5751.75
580,8/4/2026,Suncheon,2101.2
581,8/5/2026,Suncheon,6453.45
582,8/6/2026,Suncheon,4909.35
583,8/7/2026,Karlsruhe,6903.45
584,8/8/2026,Liverpool,9865.5
585,8/9/2026,Suncheon,3742.65
586,8/10/2026,Karlsruhe,8408.85
587,8/11/2026,Nanjing,5564.1
588,8/12/2026,Karlsruhe,9073.2
589,8/13/2026,Nanjing,3636.45
590,8/14/2026,Karlsruhe,8076.15
591,8/15/2026,Suncheon,6975.15
592,8/16/2026,Asan,5394.6
593,8/17/2026,Asan,9016.5
594,8/18/2026,Karlsruhe,6624.0
595,8/19/2026,Nanjing,4400.4
596,8/20/2026,Ciudad Juárez,6958.5
597,8/21/2026,Nanjing,5841.6
598,8/22/2026,Liverpool,8648.55
599,8/23/2026,Asan,9022.65
600,8/24/2026,Liverpool,4252.95
601,8/25/2026,Asan,5586.15
602,8/26/2026,Asan,6892.8
603,8/27/2026,Asan,4958.7
604,8/28/2026,San José,8178.75
605,8/29/2026,Karlsruhe,6337.05
606,8/30/2026,Liverpool,4825.8
607,8/31/2026,Asan,5240.1
608,9/1/2026,Honolulu,6050.4
609,9/2/2026,Asan,3249.15
610,9/3/2026,Asan,4275.45
611,9/4/2026,Liverpool,8573.85
612,9/5/2026,Asan,5018.85
613,9/6/2026,Karlsruhe,9219.75
614,9/7/2026,Karlsruhe,6940.95
615,9/8/2026,Honolulu,6821.55
616,9/9/2026,Nanjing,6311.7
617,9/10/2026,Nanjing,4884.45
618,9/11/2026,Karlsruhe,7074.75
619,9/12/2026,Honolulu,4419.75
620,9/13/2026,Liverpool,5533.8
621,9/14/2026,Asan,4706.4
622,9/15/2026,Asan,5591.7
623,9/16/2026,Karlsruhe,6849.15
624,9/17/2026,Liverpool,6204.75
625,9/18/2026,Nanjing,2648.55
626,9/19/2026,Asan,5996.85
627,9/20/2026,Nanjing,7157.55
628,9/21/2026,Asan,4128.15
629,9/22/2026,Honolulu,6656.4
630,9/23/2026,Asan,6645.9
631,9/24/2026,Asan,6132.45
632,9/25/2026,Asan,8482.65
633,9/26/2026,Ciudad Juárez,6414.15
634,9/27/2026,Liverpool,6970.2
635,9/28/2026,Nanjing,6683.25
636,9/29/2026,Karlsruhe,9112.95
637,9/30/2026,Karlsruhe,5695.65
638,10/1/2026,Honolulu,6320.7
639,10/2/2026,Honolulu,8878.35
640,10/3/2026,Honolulu,8965.2
641,10/4/2026,Karlsruhe,7924.5
642,10/5/2026,Cancún,5531.4
643,10/6/2026,Pyeongtaek,3519.6
644,10/7/2026,Nanjing,5514.75
645,10/8/2026,Nanjing,6817.05
646,10/9/2026,Pyeongtaek,7364.7
647,10/10/2026,Nanjing,4417.8
648,10/11/2026,Pyeongtaek,4817.1
649,10/12/2026,Honolulu,8688.6
650,10/13/2026,Pyeongtaek,6123.9
651,10/14/2026,Honolulu,13112.4
652,10/15/2026,Cancún,6350.55
653,10/16/2026,Karlsruhe,7561.05
654,10/17/2026,Pyeongtaek,6092.1
655,10/18/2026,Leeds,7252.95
656,10/19/2026,Karlsruhe,7704.6
657,10/20/2026,Honolulu,6223.5
658,10/21/2026,Nanjing,6046.2
659,10/22/2026,Pyeongtaek,4754.85
660,10/23/2026,Cancún,5971.5
661,10/24/2026,Karlsruhe,9161.4
662,10/25/2026,Honolulu,6048.75
663,10/26/2026,Pyeongtaek,4477.8
664,10/27/2026,Pyeongtaek,6224.7
665,10/28/2026,Pyeongtaek,5814.75
666,10/29/2026,Pyeongtaek,7499.4
667,10/30/2026,Nanjing,4099.95
668,10/31/2026,Pyeongtaek,8394.45
669,11/1/2026,Cancún,7660.95
670,11/2/2026,Honolulu,7569.45
671,11/3/2026,Pyeongtaek,5196.6
672,11/4/2026,Pyeongtaek,8705.1
673,11/5/2026,Karlsruhe,5610.15
674,11/6/2026,Pyeongtaek,3227.1
675,11/7/2026,Pyeongtaek,5884.8
676,11/8/2026,Cancún,4987.8
677,11/9/2026,Cancún,7073.25
678,11/10/2026,Honolulu,5125.65
679,11/11/2026,Honolulu,9572.55
680,11/12/2026,Leeds,4848.6
681,11/13/2026,Orlando,5120.1
682,11/14/2026,Leeds,5880.15
683,11/15/2026,Pyeongtaek,4303.5
684,11/16/2026,Orlando,7691.1
685,11/17/2026,Freiburg,4384.2
686,11/18/2026,Orlando,5382.0
687,11/19/2026,Pyeongtaek,3213.45
688,11/20/2026,Leeds,6148.65
689,11/21/2026,Freiburg,7288.5
690,11/22/2026,Pyeongtaek,5555.55
691,11/23/2026,Pyeongtaek,8141.55
692,11/24/2026,Pyeongtaek,7714.05
693,11/25/2026,Orlando,4873.5
694,11/26/2026,Cancún,6806.1
695,11/27/2026,Leeds,4771.2
696,11/28/2026,Mokpo,4809.9
697,11/29/2026,Nanjing,6279.0
698,11/30/2026,Orlando,8284.2
699,12/1/2026,Orlando,3356.4
700,12/2/2026,Mokpo,6253.5
701,12/3/2026,Mokpo,3738.3
702,12/4/2026,Nanjing,6899.1
703,12/5/2026,Cancún,6602.25
704,12/6/2026,Cancún,6771.45
705,12/7/2026,Freiburg,10980.45
706,12/8/2026,Mokpo,6249.75
707,12/9/2026,Freiburg,7098.45
708,12/10/2026,Nanjing,4926.15
709,12/11/2026,Orlando,8540.25
710,12/12/2026,Freiburg,4834.5
711,12/13/2026,Orlando,7625.4
712,12/14/2026,Orlando,7540.5
713,12/15/2026,Mokpo,4658.4
714,12/16/2026,Nanjing,5514.9
715,12/17/2026,Nanjing,4631.1
716,12/18/2026,Cancún,3771.9
717,12/19/2026,Mokpo,7862.55
718,12/20/2026,Mokpo,8256.3
719,12/21/2026,Orlando,9354.15
720,12/22/2026,Leeds,7558.95
721,12/23/2026,Leeds,5961.75
722,12/24/2026,Orlando,7816.05
723,12/25/2026,Orlando,6127.35
724,12/26/2026,Cancún,7458.0
725,12/27/2026,Mokpo,5015.25
726,12/28/2026,Mokpo,7856.55
727,12/29/2026,Mokpo,4849.8
728,12/30/2026,Orlando,6919.8
729,12/31/2026,Mokpo,4111.2
730,1/1/2027,Mokpo,4999.2
731,1/2/2027,Jackson,7654.65
732,1/3/2027,Mokpo,3952.65
733,1/4/2027,Mokpo,8285.1
734,1/5/2027,Mokpo,5185.5
735,1/6/2027,Mokpo,6258.0
736,1/7/2027,Freiburg,5434.5
737,1/8/2027,Mokpo,6318.9
738,1/9/2027,Freiburg,9192.75
739,1/10/2027,Gimpo,5217.3
740,1/11/2027,Gimpo,3322.65
741,1/12/2027,Nanjing,6471.15
742,1/13/2027,Guanajuato,7227.75
743,1/14/2027,Nanjing,5290.95
744,1/15/2027,Gimpo,5911.05
745,1/16/2027,Gimpo,6537.75
746,1/17/2027,Gimpo,7083.45
747,1/18/2027,Freiburg,8160.75
748,1/19/2027,Gimpo,3880.5
749,1/20/2027,Guanajuato,8434.95
750,1/21/2027,Leeds,8611.8
751,1/22/2027,Leeds,6804.15
752,1/23/2027,Gimpo,5856.0
753,1/24/2027,Jackson,8013.6
754,1/25/2027,Gimpo,3191.85
755,1/26/2027,Gimpo,6761.7
756,1/27/2027,Leeds,10557.75
757,1/28/2027,Leeds,2965.5
758,1/29/2027,Nanjing,3493.65
759,1/30/2027,Jackson,7691.7
760,1/31/2027,Gimpo,4760.4
761,2/1/2027,Freiburg,7465.95
762,2/2/2027,Jackson,3912.9
763,2/3/2027,Freiburg,8678.7
764,2/4/2027,Jackson,5716.8
765,2/5/2027,Freiburg,9359.25
766,2/6/2027,Jackson,6513.6
767,2/7/2027,Gimpo,6255.45
768,2/8/2027,Guanajuato,7130.25
769,2/9/2027,Nanjing,5607.75
770,2/10/2027,Guanajuato,7482.9
771,2/11/2027,Jackson,7360.05
772,2/12/2027,Jackson,5311.65
773,2/13/2027,Gimpo,6464.7
774,2/14/2027,Freiburg,6899.1
775,2/15/2027,Jinan,5710.5
776,2/16/2027,Jinan,5062.65
777,2/17/2027,Gimpo,8460.3
778,2/18/2027,Gimpo,6063.0
779,2/19/2027,Gimpo,5039.85
780,2/20/2027,Gimpo,4831.95
781,2/21/2027,Leeds,5430.9
782,2/22/2027,Jinan,5795.55
783,2/23/2027,Gimpo,7086.15
784,2/24/2027,Guanajuato,4579.35
785,2/25/2027,Leeds,4253.55
786,2/26/2027,Freiburg,9806.7
787,2/27/2027,Freiburg,10248.0
788,2/28/2027,Gimpo,11613.3
789,3/1/2027,Gimpo,4195.95
790,3/2/2027,Jackson,5166.75
791,3/3/2027,Jinan,5706.9
792,3/4/2027,Gimpo,5330.7
793,3/5/2027,Freiburg,10566.9
794,3/6/2027,Leeds,4768.95
795,3/7/2027,Leeds,8170.2
796,3/8/2027,Gimpo,6531.15
797,3/9/2027,Jackson,8546.55
798,3/10/2027,Gimpo,6659.25
799,3/11/2027,Jinan,5217.3
800,3/12/2027,Freiburg,7741.05
801,3/13/2027,Osan,5561.25
802,3/14/2027,Freiburg,8212.2
803,3/15/2027,Guanajuato,8148.15
804,3/16/2027,Freiburg,10823.1
805,3/17/2027,Jackson,4805.55
806,3/18/2027,Jinan,5564.1
807,3/19/2027,Osan,5194.35
808,3/20/2027,Osan,3340.5
809,3/21/2027,Guanajuato,5406.0
810,3/22/2027,Osan,7228.2
811,3/23/2027,Leipzig,8603.1
812,3/24/2027,Osan,5479.35
813,3/25/2027,Osan,6759.45
814,3/26/2027,Jackson,5331.45
815,3/27/2027,Osan,7994.1
816,3/28/2027,Guanajuato,5043.75
817,3/29/2027,Osan,4159.8
818,3/30/2027,Jinan,5601.9
819,3/31/2027,Osan,4240.05
820,4/1/2027,Jackson,6275.1
821,4/2/2027,Jinan,4495.8
822,4/3/2027,Osan,5160.45
823,4/4/2027,Jackson,10069.35
824,4/5/2027,Osan,7174.65
825,4/6/2027,Osan,7545.9
826,4/7/2027,Osan,4528.8
827,4/8/2027,Leipzig,8830.5
828,4/9/2027,Jinan,3220.95
829,4/10/2027,Leipzig,8584.35
830,4/11/2027,Baton Rouge,6961.2
831,4/12/2027,Baton Rouge,5266.05
832,4/13/2027,Baton Rouge,5563.05
833,4/14/2027,Leipzig,9711.9
834,4/15/2027,Leeds,5229.3
835,4/16/2027,Osan,5339.25
836,4/17/2027,Jinan,6557.55
837,4/18/2027,Baton Rouge,6107.55
838,4/19/2027,Osan,8092.95
839,4/20/2027,Osan,4115.4
840,4/21/2027,Guanajuato,3951.3
841,4/22/2027,Jinan,5695.95
842,4/23/2027,Osan,3871.95
843,4/24/2027,Jinan,4524.45
844,4/25/2027,Leeds,6054.0
845,4/26/2027,Osan,5769.75
846,4/27/2027,Jinan,5573.55
847,4/28/2027,Leeds,5545.95
848,4/29/2027,Jinan,6222.45
849,4/30/2027,Osan,8522.4
850,5/1/2027,Jinan,5576.4
851,5/2/2027,Paju,3648.9
852,5/3/2027,Leipzig,6241.95
853,5/4/2027,Baton Rouge,7484.7
854,5/5/2027,Baton Rouge,6938.4
855,5/6/2027,Guanajuato,4987.95
856,5/7/2027,Paju,4729.35
857,5/8/2027,Leipzig,6562.8
858,5/9/2027,Jinan,4342.95
859,5/10/2027,Baton Rouge,6602.1
860,5/11/2027,Jinan,6462.75
861,5/12/2027,Paju,6960.0
862,5/13/2027,Baton Rouge,5838.6
863,5/14/2027,Paju,5628.3
864,5/15/2027,Jinan,6088.35
865,5/16/2027,Paju,6413.4
866,5/17/2027,Leeds,7450.95
867,5/18/2027,Paju,8937.3
868,5/19/2027,Paju,5283.75
869,5/20/2027,Paju,6429.9
870,5/21/2027,Paju,6502.65
871,5/22/2027,Paju,6807.3
872,5/23/2027,Guanajuato,3361.35
873,5/24/2027,Leipzig,8028.9
874,5/25/2027,Paju,6347.25
875,5/26/2027,Guanajuato,10793.1
876,5/27/2027,San Luis Potosi,5716.2
877,5/28/2027,Jinan,6304.8
878,5/29/2027,Paju,4867.8
879,5/30/2027,Baton Rouge,7763.1
880,5/31/2027,Paju,3265.65
881,6/1/2027,Baton Rouge,5600.4
882,6/2/2027,Jinan,6646.65
883,6/3/2027,Jinan,3804.45
884,6/4/2027,Jinan,4940.7
885,6/5/2027,Paju,4885.65
886,6/6/2027,Paju,5648.85
887,6/7/2027,Leipzig,7328.55
888,6/8/2027,Leipzig,8794.5
889,6/9/2027,Baton Rouge,6364.05
890,6/10/2027,Paju,8038.5
891,6/11/2027,Paju,7490.85
892,6/12/2027,Paju,5058.6
893,6/13/2027,Baton Rouge,8998.8
894,6/14/2027,Leipzig,5111.25
895,6/15/2027,Naju,10227.9
896,6/16/2027,Leipzig,8602.35
897,6/17/2027,Leipzig,7953.6
898,6/18/2027,Naju,5526.9
899,6/19/2027,San Luis Potosi,5908.5
900,6/20/2027,Jinan,4486.5
901,6/21/2027,Leeds,4017.45
902,6/22/2027,Naju,9342.75
903,6/23/2027,Naju,2610.9
904,6/24/2027,Baton Rouge,6670.2
905,6/25/2027,Naju,6787.2
906,6/26/2027,Leeds,8629.95
907,6/27/2027,Jinan,4541.1
908,6/28/2027,Naju,5818.05
909,6/29/2027,Baton Rouge,6751.8
910,6/30/2027,Naju,6641.85
911,7/1/2027,Jinan,4665.9
912,7/2/2027,Bremen,7391.25
913,7/3/2027,Baton Rouge,7192.05
914,7/4/2027,Birmingham,5110.2
915,7/5/2027,Bremen,5536.8
916,7/6/2027,Fort Worth,10948.95
917,7/7/2027,Birmingham,8034.15
918,7/8/2027,San Luis Potosi,7927.65
919,7/9/2027,Birmingham,7434.0
920,7/10/2027,Fort Worth,6898.5
921,7/11/2027,Naju,7241.25
922,7/12/2027,Fort Worth,8566.65
923,7/13/2027,Bremen,4235.7
924,7/14/2027,Naju,5788.65
925,7/15/2027,Jinan,4637.1
926,7/16/2027,Bremen,7016.25
927,7/17/2027,Naju,8032.95
928,7/18/2027,San Luis Potosi,6595.2
929,7/19/2027,Bremen,10216.65
930,7/20/2027,Jinan,4657.5
931,7/21/2027,Bremen,8000.4
932,7/22/2027,Fort Worth,7249.5
933,7/23/2027,Fort Worth,7987.65
934,7/24/2027,Fort Worth,5526.9
935,7/25/2027,Naju,5608.35
936,7/26/2027,Naju,6932.7
937,7/27/2027,Naju,6343.65
938,7/28/2027,San Luis Potosi,6766.65
939,7/29/2027,Bremen,7444.65
940,7/30/2027,Bremen,6928.95
941,7/31/2027,Naju,5694.6
942,8/1/2027,Naju,7734.3
943,8/2/2027,Jinan,5386.05
944,8/3/2027,Fort Worth,7054.5
945,8/4/2027,Naju,4592.85
946,8/5/2027,Naju,5001.45
947,8/6/2027,San Luis Potosi,9553.95
948,8/7/2027,Fort Worth,8286.0
949,8/8/2027,Jinan,5309.55
950,8/9/2027,Jinan,6508.65
951,8/10/2027,Naju,5820.9
952,8/11/2027,Fort Worth,6236.85
953,8/12/2027,Fort Worth,8341.05
954,8/13/2027,San Luis Potosi,6032.85
955,8/14/2027,Fort Worth,5908.2
956,8/15/2027,Bremen,3544.35
957,8/16/2027,Birmingham,6685.95
958,8/17/2027,Bremen,6033.6
959,8/18/2027,San Luis Potosi,6515.7
960,8/19/2027,Jinan,6563.85
961,8/20/2027,Naju,6225.75
962,8/21/2027,Naju,7110.75
963,8/22/2027,Naju,10528.05
964,8/23/2027,San Luis Potosi,9239.85
965,8/24/2027,San Luis Potosi,2055.45
966,8/25/2027,Gimhae,7378.2
967,8/26/2027,Fort Worth,9180.9
968,8/27/2027,Gimhae,6027.0
969,8/28/2027,Luoyang,5290.95
970,8/29/2027,Fort Worth,6266.55
971,8/30/2027,Birmingham,5962.8
972,8/31/2027,Fort Worth,9042.3
973,9/1/2027,Gimhae,7288.5
974,9/2/2027,Gimhae,5627.4
975,9/3/2027,Hartford,6777.6
976,9/4/2027,Gimhae,5478.0
977,9/5/2027,Hartford,7922.25
978,9/6/2027,Hartford,5137.35
979,9/7/2027,Hartford,7113.6
980,9/8/2027,Hartford,6320.55
981,9/9/2027,Gimhae,6566.55
982,9/10/2027,Hartford,4453.8
983,9/11/2027,Bremen,6312.9
984,9/12/2027,Hartford,4156.95
985,9/13/2027,Luoyang,4587.75
986,9/14/2027,Luoyang,6126.6
987,9/15/2027,Hartford,5654.25
988,9/16/2027,Hartford,6404.55
989,9/17/2027,Bremen,6825.45
990,9/18/2027,San Luis Potosi,7770.15
991,9/19/2027,Hartford,6813.15
992,9/20/2027,Luoyang,5678.7
993,9/21/2027,Durango,7772.4
994,9/22/2027,Hartford,7227.6
995,9/23/2027,Gimhae,6676.95
996,9/24/2027,Hartford,8362.8
997,9/25/2027,Bremen,5897.4
998,9/26/2027,Bremen,9546.15
999,9/27/2027,Bremen,7158.0
1000,9/28/2027,Gimhae,5534.55
1001,9/29/2027,Gimhae,6284.7
1002,9/30/2027,Birmingham,5437.65
1003,10/1/2027,Luoyang,8587.2
1004,10/2/2027,Hartford,9439.05
1005,10/3/2027,Hartford,5506.35
1006,10/4/2027,Gimhae,6589.8
1007,10/5/2027,Hartford,6166.05
1008,10/6/2027,Gimhae,10650.6
1009,10/7/2027,Hartford,8602.05
1010,10/8/2027,Hartford,5246.4
1011,10/9/2027,Luoyang,6857.4
1012,10/10/2027,Bremen,7771.5
1013,10/11/2027,Gimhae,6337.65
1014,10/12/2027,Bremen,8289.75
1015,10/13/2027,Gimhae,10390.5
1016,10/14/2027,Gimhae,7198.2
1017,10/15/2027,Gimhae,7931.7
1018,10/16/2027,Luoyang,3970.95
1019,10/17/2027,Salem,9539.1
1020,10/18/2027,Gimhae,6535.2
1021,10/19/2027,Hamburg,4127.1
1022,10/20/2027,Hamburg,9112.95
1023,10/21/2027,Gimhae,5137.65
1024,10/22/2027,Gimhae,6381.75
1025,10/23/2027,Hamburg,7612.05
1026,10/24/2027,Salem,7007.85
1027,10/25/2027,Durango,7071.6
1028,10/26/2027,Hamburg,7543.65
1029,10/27/2027,Gimhae,5849.7
1030,10/28/2027,Luoyang,4834.8
1031,10/29/2027,Hamburg,6253.65
1032,10/30/2027,Salem,5889.6
1033,10/31/2027,Gimhae,4778.1
1034,11/1/2027,Luoyang,7172.7
1035,11/2/2027,Gimhae,5153.4
1036,11/3/2027,Durango,4595.25
1037,11/4/2027,Luoyang,6168.9
1038,11/5/2027,Durango,4276.35
1039,11/6/2027,Gimhae,4943.55
1040,11/7/2027,Gimhae,5840.25
1041,11/8/2027,Hamburg,9094.05
1042,11/9/2027,Salem,8994.3
1043,11/10/2027,Salem,6670.35
1044,11/11/2027,Birmingham,8422.65
1045,11/12/2027,Durango,6861.6
1046,11/13/2027,Bucheon,8130.0
1047,11/14/2027,Luoyang,5532.3
1048,11/15/2027,Hamburg,6716.55
1049,11/16/2027,Salem,9042.3
1050,11/17/2027,Birmingham,8451.6
1051,11/18/2027,Luoyang,6597.15
1052,11/19/2027,Birmingham,11326.5
1053,11/20/2027,Durango,4633.35
1054,11/21/2027,Salem,5905.35
1055,11/22/2027,Hamburg,7496.55
1056,11/23/2027,Birmingham,4964.25
1057,11/24/2027,Hamburg,7787.25
1058,11/25/2027,Salem,8631.45
1059,11/26/2027,Birmingham,4506.0
1060,11/27/2027,Bucheon,5845.35
1061,11/28/2027,Bucheon,12189.45
1062,11/29/2027,Bucheon,7023.45
1063,11/30/2027,Salem,7672.8
1064,12/1/2027,Birmingham,8471.7
1065,12/2/2027,Luoyang,4508.25
1066,12/3/2027,Hamburg,4499.55
1067,12/4/2027,Salem,5460.6
1068,12/5/2027,Bucheon,6576.15
1069,12/6/2027,Salem,5937.75
1070,12/7/2027,Hamburg,5302.35
1071,12/8/2027,Durango,9707.55
1072,12/9/2027,Hamburg,11228.1
1073,12/10/2027,Salem,9145.65
1074,12/11/2027,Bucheon,6529.65
1075,12/12/2027,Hamburg,8846.25
1076,12/13/2027,Salem,9833.7
1077,12/14/2027,Luoyang,7121.85
1078,12/15/2027,Bucheon,6400.95
1079,12/16/2027,Hamburg,8325.0
1080,12/17/2027,Bucheon,4784.55
1081,12/18/2027,Salem,4319.7
1082,12/19/2027,Montgomery,5961.0
1083,12/20/2027,Montgomery,7283.85
1084,12/21/2027,Montgomery,4405.05
1085,12/22/2027,Durango,7329.9
1086,12/23/2027,Hamburg,5429.85
1087,12/24/2027,Bucheon,10140.3
1088,12/25/2027,Montgomery,6071.7
1089,12/26/2027,Birmingham,7130.25
1090,12/27/2027,Montgomery,6353.85
1091,12/28/2027,Nürnberg,9379.8
1092,12/29/2027,Bucheon,9439.65
1093,12/30/2027,Luoyang,5171.55
1094,12/31/2027,Nürnberg,9021.3
1095,1/1/2028,Bucheon,5113.8
1096,1/2/2028,Montgomery,7737.15
1097,1/3/2028,Luoyang,6868.8
1098,1/4/2028,Luoyang,5157.3
1099,1/5/2028,Bucheon,10564.05
1100,1/6/2028,Bucheon,5310.45
1101,1/7/2028,Bucheon,4947.75
1102,1/8/2028,Luoyang,4057.2
1103,1/9/2028,Montgomery,6479.4
1104,1/10/2028,Bucheon,8243.85
1105,1/11/2028,Luoyang,5644.65
1106,1/12/2028,Bucheon,6676.65
1107,1/13/2028,Bucheon,4021.8
1108,1/14/2028,Montgomery,8594.4
1109,1/15/2028,Birmingham,4926.75
1110,1/16/2028,Nürnberg,8622.15
1111,1/17/2028,Durango,6930.9
1112,1/18/2028,Montgomery,5569.95
1113,1/19/2028,Shenyang,5395.35
1114,1/20/2028,Nürnberg,7019.55
1115,1/21/2028,Durango,3688.65
1116,1/22/2028,Bucheon,5586.3
1117,1/23/2028,Montgomery,5505.0
1118,1/24/2028,Bucheon,6023.1
1119,1/25/2028,Durango,2193.6
1120,1/26/2028,Shenyang,4431.75
1121,1/27/2028,Anyang,4134.75
1122,1/28/2028,Anyang,4602.3
1123,1/29/2028,Birmingham,8779.2
1124,1/30/2028,Durango,6492.3
1125,1/31/2028,Shenyang,5561.25
1126,2/1/2028,Anyang,3491.25
1127,2/2/2028,Anyang,4682.85
1128,2/3/2028,Anyang,9327.0
1129,2/4/2028,Anyang,4667.7
1130,2/5/2028,Montgomery,7501.05
1131,2/6/2028,Montgomery,9297.75
1132,2/7/2028,Nürnberg,8548.95
1133,2/8/2028,Montgomery,5713.65
1134,2/9/2028,Shenyang,4125.75
1135,2/10/2028,Anyang,6262.65
1136,2/11/2028,Shenyang,5613.0
1137,2/12/2028,Shenyang,5003.7
1138,2/13/2028,Shenyang,4386.45
1139,2/14/2028,Nürnberg,7527.15
1140,2/15/2028,Shenyang,5089.05
1141,2/16/2028,Durango,5820.15
1142,2/17/2028,Anyang,8481.75
1143,2/18/2028,Montgomery,6945.45
1144,2/19/2028,Shenyang,5942.7
1145,2/20/2028,Anyang,7858.2
1146,2/21/2028,Shenyang,5490.3
1147,2/22/2028,Nürnberg,8147.1
1148,2/23/2028,Shenyang,3692.25
1149,2/24/2028,Nürnberg,5899.8
1150,2/25/2028,Montgomery,5144.55
1151,2/26/2028,Anyang,6907.2
1152,2/27/2028,Birmingham,4138.95
1153,2/28/2028,Anyang,4523.4
1154,2/29/2028,Montgomery,7556.85
1155,3/1/2028,Anyang,7718.1
1156,3/2/2028,Durango,8208.45
1157,3/3/2028,Anyang,3796.05
1158,3/4/2028,Nürnberg,8824.2
1159,3/5/2028,Montgomery,6566.85
1160,3/6/2028,Shenyang,6194.85
1161,3/7/2028,Topeka,7449.3
1162,3/8/2028,Durango,5549.4
1163,3/9/2028,Shenyang,6672.6
1164,3/10/2028,Nürnberg,5804.85
1165,3/11/2028,Anyang,9264.75
1166,3/12/2028,Nürnberg,9183.0
1167,3/13/2028,Anyang,4847.7
1168,3/14/2028,Nürnberg,5431.35
1169,3/15/2028,Birmingham,3208.5
1170,3/16/2028,Shenyang,6310.95
1171,3/17/2028,Birmingham,4195.05
1172,3/18/2028,Nürnberg,5496.45
1173,3/19/2028,Anyang,6198.15
1174,3/20/2028,Anyang,7370.85
1175,3/21/2028,Birmingham,6883.5
1176,3/22/2028,Topeka,5096.4
1177,3/23/2028,Topeka,9855.15
1178,3/24/2028,Anyang,4320.45
1179,3/25/2028,Anyang,5602.05
1180,3/26/2028,Acapulco,4528.8
1181,3/27/2028,Nürnberg,8519.85
1182,3/28/2028,Anyang,5446.35
1183,3/29/2028,Acapulco,6615.75
1184,3/30/2028,Miryang,4798.95
1185,3/31/2028,Nürnberg,7529.85
1186,4/1/2028,Miryang,3970.65
1187,4/2/2028,Acapulco,5171.7
1188,4/3/2028,Acapulco,7775.4
1189,4/4/2028,Topeka,8656.95
1190,4/5/2028,Topeka,6334.5
1191,4/6/2028,Topeka,9067.35
1192,4/7/2028,Acapulco,5080.8
1193,4/8/2028,Miryang,2823.45
1194,4/9/2028,Topeka,6114.3
1195,4/10/2028,Shenyang,4776.45
1196,4/11/2028,Topeka,8737.5
1197,4/12/2028,Miryang,8157.0
1198,4/13/2028,Topeka,8983.95
1199,4/14/2028,Topeka,7414.8
1200,4/15/2028,Acapulco,5680.2
1201,4/16/2028,Birmingham,4713.0
1202,4/17/2028,Shenyang,5687.1
1203,4/18/2028,Birmingham,8206.8
1204,4/19/2028,Topeka,7061.4
1205,4/20/2028,Topeka,6714.9
1206,4/21/2028,Topeka,8833.8
1207,4/22/2028,Topeka,7419.45
1208,4/23/2028,Birmingham,7929.15
1209,4/24/2028,Shenyang,2608.2
1210,4/25/2028,Topeka,7240.35
1211,4/26/2028,Birmingham,4402.35
1212,4/27/2028,Miryang,5625.0
1213,4/28/2028,Nürnberg,9233.4
1214,4/29/2028,Miryang,6363.3
1215,4/30/2028,Topeka,5629.2
1216,5/1/2028,Shenyang,6674.4
1217,5/2/2028,Nürnberg,7829.55
1218,5/3/2028,Shenyang,3237.75
1219,5/4/2028,Acapulco,8255.4
1220,5/5/2028,Phoenix,7669.05
1221,5/6/2028,Stuttgart,6746.7
1222,5/7/2028,Stuttgart,11168.25
1223,5/8/2028,Birmingham,6284.1
1224,5/9/2028,Birmingham,5839.95
1225,5/10/2028,Phoenix,6838.5
1226,5/11/2028,Quingdao,3992.4
1227,5/12/2028,Stuttgart,6277.2
1228,5/13/2028,Phoenix,4792.2
1229,5/14/2028,Miryang,2122.2
1230,5/15/2028,Quingdao,5023.35
1231,5/16/2028,Phoenix,3949.8
1232,5/17/2028,Miryang,6627.6
1233,5/18/2028,Miryang,4209.15
1234,5/19/2028,Acapulco,4766.1
1235,5/20/2028,Acapulco,7729.2
1236,5/21/2028,Phoenix,10502.1
1237,5/22/2028,Phoenix,7094.4
1238,5/23/2028,Birmingham,7451.7
1239,5/24/2028,Quingdao,5460.75
1240,5/25/2028,Miryang,6454.5
1241,5/26/2028,Phoenix,7398.75
1242,5/27/2028,Stuttgart,8863.35
1243,5/28/2028,Miryang,4982.1
1244,5/29/2028,Phoenix,7623.6
1245,5/30/2028,Miryang,6353.1
1246,5/31/2028,Richmond,4927.95
1247,6/1/2028,Richmond,5653.35
1248,6/2/2028,Acapulco,7067.7
1249,6/3/2028,Richmond,8110.5
1250,6/4/2028,Richmond,4433.7
1251,6/5/2028,Richmond,4954.2
1252,6/6/2028,Acapulco,6609.9
1253,6/7/2028,Miryang,4082.1
1254,6/8/2028,Richmond,8219.25
1255,6/9/2028,Richmond,6629.7
1256,6/10/2028,Miryang,5734.35
1257,6/11/2028,Richmond,5287.05
1258,6/12/2028,San José,6337.35
1259,6/13/2028,San José,6812.55
1260,6/14/2028,San José,4273.8
1261,6/15/2028,Quingdao,5420.1
1262,6/16/2028,Stuttgart,7609.35
1263,6/17/2028,San José,6046.95
1264,6/18/2028,Stuttgart,6892.95
1265,6/19/2028,Birmingham,6472.8
1266,6/20/2028,Miryang,9752.1
1267,6/21/2028,Stuttgart,8967.0
1268,6/22/2028,Acapulco,4487.85
1269,6/23/2028,San José,7951.5
1270,6/24/2028,San José,4648.8
1271,6/25/2028,Quingdao,4858.35
1272,6/26/2028,Quingdao,5170.05
1273,6/27/2028,San José,8608.35
1274,6/28/2028,Quingdao,6747.15
1275,6/29/2028,Quingdao,4182.0
1276,6/30/2028,Birmingham,6430.5
1277,7/1/2028,San José,8220.15
1278,7/2/2028,Miryang,6187.8
1279,7/3/2028,Miryang,8526.75
1280,7/4/2028,Miryang,6481.8
1281,7/5/2028,San José,8104.05
1282,7/6/2028,San José,7971.75
1283,7/7/2028,Torreón,5402.7
1284,7/8/2028,San José,7450.35
1285,7/9/2028,Silheung,5780.4
1286,7/10/2028,Stuttgart,8439.75
1287,7/11/2028,Stuttgart,9133.8
1288,7/12/2028,Silheung,5716.05
1289,7/13/2028,Torreón,4090.2
1290,7/14/2028,Silheung,7597.8
1291,7/15/2028,Leicester,6995.4
1292,7/16/2028,Silheung,4672.5
1293,7/17/2028,Silheung,2756.7
1294,7/18/2028,San José,4091.1
1295,7/19/2028,Stuttgart,8039.85
1296,7/20/2028,San José,5920.5
1297,7/21/2028,Silheung,4330.65
1298,7/22/2028,Silheung,6565.2
1299,7/23/2028,Stuttgart,7238.25
1300,7/24/2028,Torreón,4089.75
1301,7/25/2028,Silheung,6386.7
1302,7/26/2028,Quingdao,4296.75
1303,7/27/2028,Silheung,5283.0
1304,7/28/2028,Stuttgart,6944.7
1305,7/29/2028,Stuttgart,6096.15
1306,7/30/2028,Quingdao,6448.65
1307,7/31/2028,Leicester,9498.75
1308,8/1/2028,Stuttgart,11552.7
1309,8/2/2028,Stuttgart,4195.35
1310,8/3/2028,Silheung,5197.5
1311,8/4/2028,Leicester,5408.7
1312,8/5/2028,Stuttgart,5086.5
1313,8/6/2028,Quingdao,5936.25
1314,8/7/2028,Silheung,4559.85
1315,8/8/2028,Silheung,4480.65
1316,8/9/2028,Torreón,4515.3
1317,8/10/2028,San José,9140.25
1318,8/11/2028,Silheung,5289.45
1319,8/12/2028,Torreón,6936.6
1320,8/13/2028,Silheung,7634.85
1321,8/14/2028,Stuttgart,7638.0
1322,8/15/2028,Stuttgart,5907.75
1323,8/16/2028,Silheung,12093.3
1324,8/17/2028,Leicester,5640.9
1325,8/18/2028,San José,7719.6
1326,8/19/2028,Silheung,6643.2
1327,8/20/2028,Quingdao,5241.3
1328,8/21/2028,Stuttgart,5156.55
1329,8/22/2028,San José,4236.75
1330,8/23/2028,Quingdao,6972.6
1331,8/24/2028,San José,8302.95
1332,8/25/2028,Quingdao,5892.0
1333,8/26/2028,Silheung,8496.9
1334,8/27/2028,Torreón,5104.95
1335,8/28/2028,Silheung,6159.3
1336,8/29/2028,Sacramento,4681.2
1337,8/30/2028,Silheung,5891.25
1338,8/31/2028,Silheung,3859.8
1339,9/1/2028,Sacramento,6860.85
1340,9/2/2028,Sacramento,5734.95
1341,9/3/2028,Leicester,4671.75
1342,9/4/2028,Sacramento,9565.5
1343,9/5/2028,Sacramento,7279.2
1344,9/6/2028,Stuttgart,9294.3
1345,9/7/2028,Stuttgart,9065.25
1346,9/8/2028,Torreón,4472.1
1347,9/9/2028,Leicester,8533.05
1348,9/10/2028,Sacramento,5570.85
1349,9/11/2028,Silheung,6458.85
1350,9/12/2028,Silheung,5418.0
1351,9/13/2028,Silheung,5707.35
1352,9/14/2028,Leicester,7622.4
1353,9/15/2028,Silheung,3759.9
1354,9/16/2028,Silheung,7080.15
1355,9/17/2028,Torreón,6050.55
1356,9/18/2028,Quingdao,5502.75
1357,9/19/2028,Stuttgart,8143.5
1358,9/20/2028,Sacramento,7712.25
1359,9/21/2028,Quingdao,5776.65
1360,9/22/2028,Quingdao,4873.35
1361,9/23/2028,Yangsan-si,3825.6
1362,9/24/2028,Sacramento,5938.8
1363,9/25/2028,Sacramento,4419.0
1364,9/26/2028,Yangsan-si,3884.55
1365,9/27/2028,Stuttgart,7270.65
1366,9/28/2028,Yangsan-si,5283.75
1367,9/29/2028,Quingdao,4496.25
1368,9/30/2028,Sacramento,7795.05
1369,10/1/2028,Yangsan-si,6586.05
1370,10/2/2028,Leicester,7890.45
1371,10/3/2028,Yangsan-si,8762.4
1372,10/4/2028,Yangsan-si,8589.9
1373,10/5/2028,Sacramento,7632.9
1374,10/6/2028,Sacramento,8977.35
1375,10/7/2028,Yangsan-si,6019.05
1376,10/8/2028,Yangsan-si,6482.4
1377,10/9/2028,Stuttgart,9192.15
1378,10/10/2028,Torreón,9808.95
1379,10/11/2028,Sacramento,8303.55
